CREATE DATABASE  IF NOT EXISTS `teste` /*!40100 DEFAULT CHARACTER SET utf8mb4 COLLATE utf8mb4_0900_ai_ci */ /*!80016 DEFAULT ENCRYPTION='N' */;
USE `teste`;
-- MySQL dump 10.13  Distrib 8.0.33, for Win64 (x86_64)
--
-- Host: 127.0.0.1    Database: teste
-- ------------------------------------------------------
-- Server version	8.0.33

/*!40101 SET @OLD_CHARACTER_SET_CLIENT=@@CHARACTER_SET_CLIENT */;
/*!40101 SET @OLD_CHARACTER_SET_RESULTS=@@CHARACTER_SET_RESULTS */;
/*!40101 SET @OLD_COLLATION_CONNECTION=@@COLLATION_CONNECTION */;
/*!50503 SET NAMES utf8 */;
/*!40103 SET @OLD_TIME_ZONE=@@TIME_ZONE */;
/*!40103 SET TIME_ZONE='+00:00' */;
/*!40014 SET @OLD_UNIQUE_CHECKS=@@UNIQUE_CHECKS, UNIQUE_CHECKS=0 */;
/*!40014 SET @OLD_FOREIGN_KEY_CHECKS=@@FOREIGN_KEY_CHECKS, FOREIGN_KEY_CHECKS=0 */;
/*!40101 SET @OLD_SQL_MODE=@@SQL_MODE, SQL_MODE='NO_AUTO_VALUE_ON_ZERO' */;
/*!40111 SET @OLD_SQL_NOTES=@@SQL_NOTES, SQL_NOTES=0 */;

--
-- Table structure for table `permissao`
--

DROP TABLE IF EXISTS `permissao`;
/*!40101 SET @saved_cs_client     = @@character_set_client */;
/*!50503 SET character_set_client = utf8mb4 */;
CREATE TABLE `permissao` (
  `id_permissao` bigint NOT NULL AUTO_INCREMENT,
  `nome` varchar(45) NOT NULL,
  PRIMARY KEY (`id_permissao`),
  UNIQUE KEY `permissaocol_UNIQUE` (`nome`)
) ENGINE=InnoDB AUTO_INCREMENT=3 DEFAULT CHARSET=utf8mb4 COLLATE=utf8mb4_0900_ai_ci;
/*!40101 SET character_set_client = @saved_cs_client */;

--
-- Dumping data for table `permissao`
--

LOCK TABLES `permissao` WRITE;
/*!40000 ALTER TABLE `permissao` DISABLE KEYS */;
INSERT INTO `permissao` VALUES (1,'administrador'),(2,'usuario');
/*!40000 ALTER TABLE `permissao` ENABLE KEYS */;
UNLOCK TABLES;

--
-- Table structure for table `ticket`
--

DROP TABLE IF EXISTS `ticket`;
/*!40101 SET @saved_cs_client     = @@character_set_client */;
/*!50503 SET character_set_client = utf8mb4 */;
CREATE TABLE `ticket` (
  `id` int NOT NULL AUTO_INCREMENT,
  `nome` varchar(50) DEFAULT NULL,
  `email` varchar(100) DEFAULT NULL,
  `telefone` varchar(11) DEFAULT NULL,
  `titulo` varchar(30) DEFAULT NULL,
  `descricao` varchar(200) DEFAULT NULL,
  `situacao` tinyint(1) DEFAULT '0',
  `data_criacao` datetime DEFAULT CURRENT_TIMESTAMP,
  PRIMARY KEY (`id`)
) ENGINE=InnoDB AUTO_INCREMENT=2 DEFAULT CHARSET=utf8mb4 COLLATE=utf8mb4_0900_ai_ci;
/*!40101 SET character_set_client = @saved_cs_client */;

--
-- Dumping data for table `ticket`
--

LOCK TABLES `ticket` WRITE;
/*!40000 ALTER TABLE `ticket` DISABLE KEYS */;
INSERT INTO `ticket` VALUES (1,'Ramon','ramontelles100@gmail.com','21996161680','PC','Estou com problema no SSD',0,'2024-10-08 18:55:09');
/*!40000 ALTER TABLE `ticket` ENABLE KEYS */;
UNLOCK TABLES;

--
-- Table structure for table `usuario`
--

DROP TABLE IF EXISTS `usuario`;
/*!40101 SET @saved_cs_client     = @@character_set_client */;
/*!50503 SET character_set_client = utf8mb4 */;
CREATE TABLE `usuario` (
  `id_usuario` bigint NOT NULL AUTO_INCREMENT,
  `cpf` varchar(11) DEFAULT NULL,
  `email` varchar(45) DEFAULT NULL,
  `nome` varchar(45) DEFAULT NULL,
  `senha` varchar(255) DEFAULT NULL,
  `data_expiracao` date DEFAULT NULL,
  `permissao` int DEFAULT NULL,
  PRIMARY KEY (`id_usuario`)
) ENGINE=InnoDB AUTO_INCREMENT=6 DEFAULT CHARSET=utf8mb4 COLLATE=utf8mb4_0900_ai_ci;
/*!40101 SET character_set_client = @saved_cs_client */;

--
-- Dumping data for table `usuario`
--

LOCK TABLES `usuario` WRITE;
/*!40000 ALTER TABLE `usuario` DISABLE KEYS */;
INSERT INTO `usuario` VALUES (1,'15715715708','administrador@gmail.com','Ramon Telles da Silva','$2a$10$5LdcO7KXll2ul69d9chNRuqNN25OosxdwU172w4LqdX4vvj7o5Zxe',NULL,NULL),(2,NULL,'',NULL,NULL,NULL,1),(3,NULL,'',NULL,NULL,NULL,1),(4,NULL,'',NULL,NULL,NULL,2),(5,NULL,'',NULL,NULL,NULL,1);
/*!40000 ALTER TABLE `usuario` ENABLE KEYS */;
UNLOCK TABLES;

--
-- Table structure for table `usuario_permissao`
--

DROP TABLE IF EXISTS `usuario_permissao`;
/*!40101 SET @saved_cs_client     = @@character_set_client */;
/*!50503 SET character_set_client = utf8mb4 */;
CREATE TABLE `usuario_permissao` (
  `usuario_id_usuario` bigint NOT NULL,
  `permissao_id_permissao` bigint NOT NULL,
  PRIMARY KEY (`usuario_id_usuario`,`permissao_id_permissao`),
  KEY `fk_usuario_permissao_permissao_idx` (`permissao_id_permissao`),
  CONSTRAINT `fk_usuario_permissao_permissao` FOREIGN KEY (`permissao_id_permissao`) REFERENCES `permissao` (`id_permissao`),
  CONSTRAINT `fk_usuario_permissao_usuario` FOREIGN KEY (`usuario_id_usuario`) REFERENCES `usuario` (`id_usuario`)
) ENGINE=InnoDB DEFAULT CHARSET=utf8mb4 COLLATE=utf8mb4_0900_ai_ci;
/*!40101 SET character_set_client = @saved_cs_client */;

--
-- Dumping data for table `usuario_permissao`
--

LOCK TABLES `usuario_permissao` WRITE;
/*!40000 ALTER TABLE `usuario_permissao` DISABLE KEYS */;
INSERT INTO `usuario_permissao` VALUES (1,1),(2,1),(3,1),(5,1),(4,2);
/*!40000 ALTER TABLE `usuario_permissao` ENABLE KEYS */;
UNLOCK TABLES;
/*!40103 SET TIME_ZONE=@OLD_TIME_ZONE */;

/*!40101 SET SQL_MODE=@OLD_SQL_MODE */;
/*!40014 SET FOREIGN_KEY_CHECKS=@OLD_FOREIGN_KEY_CHECKS */;
/*!40014 SET UNIQUE_CHECKS=@OLD_UNIQUE_CHECKS */;
/*!40101 SET CHARACTER_SET_CLIENT=@OLD_CHARACTER_SET_CLIENT */;
/*!40101 SET CHARACTER_SET_RESULTS=@OLD_CHARACTER_SET_RESULTS */;
/*!40101 SET COLLATION_CONNECTION=@OLD_COLLATION_CONNECTION */;
/*!40111 SET SQL_NOTES=@OLD_SQL_NOTES */;

-- Dump completed on 2024-10-17 16:12:47
